vector length;optimization;lin. constr.;non-lin. constr.;P time;V time
16;--O1;651;1017;71.182473;1.6397216999999955
16;--O2;0;304;56.1856672;1.5551858000000038
32;--O1;1035;2169;87.9598781;1.7596173000000022
32;--O2;0;368;58.2428578;1.7558132
64;--O1;1803;4857;120.104305;1.5243439999999964
64;--O2;0;496;62.903708900000005;1.6846756999999912
128;--O1;3339;11001;185.81860139999998;1.701017999999999
128;--O2;0;752;72.92874029999999;1.9025534999999991
256;--O1;6479;24846;327.031374;2.066077300000006
