vector length;optimization;lin. constr.;non-lin. constr.;P time;V time
16;--01;654;1033;82.0438858;1.918680000000000062
16;--02;0;320;61.9318393;1.847486000000000035
32;--01;1038;2201;97.55330989999999;1.736241300000000006
32;--02;0;400;61.736942899999995;1.7125545999999985
64;--01;1806;4921;133.4940587;1.6062008999999988
64;--02;0;560;67.9954765;1.7944451000000072
128;--01;3342;11129;207.13301030000002;1.8352613999999903
